first_name,last_name,gender,birthday,email,phone
Dexter,Herzog,female,2004-10-31,cathryn@dickinsonlockman.net,(367) 838-3692 x681
Schuyler,Stokes,male,2001-06-24,reyes@mullerparker.net,1-802-442-1945
Jayda,Shields,female,1970-07-02,kale@shields.name,1-692-589-2508
Bette,Keeling,male,1980-02-10,phyllis@harvey.com,(394) 915-6808
Hunter,Leannon,female,1961-12-27,zella@beattyrohan.io,576.921.5994 x21781
Abelardo,Schuster,female,2002-06-07,krystal.kertzmann@stracke.biz,(400) 193-4009 x58027
Anastasia,Sporer,male,1958-12-21,ella_metz@stiedemann.info,876.847.5537
Keegan,Crooks,female,1959-08-02,jana@hackettbogisich.net,(949) 884-4479 x64267
Helmer,Smitham,female,1971-10-18,shakira@rosenbaum.io,(631) 828-6431 x0660
Jolie,Streich,female,2007-12-16,dora@gutmann.biz,303-430-4519 x7030
Bernadine,Wiegand,female,1950-05-19,hermina@mann.biz,507.496.4809 x0008
Giles,Ferry,female,1950-01-14,chaya@champlin.io,459-674-6957
Adell,Corkery,male,1957-10-15,henry_botsford@dachbergnaum.biz,398-316-2483
Raegan,McLaughlin,female,1963-02-08,gonzalo@gibson.net,(889) 152-1346
Kaya,Hessel,male,1970-04-30,estelle_romaguera@koch.io,687.012.1209
Leann,Bernier,male,1980-07-24,wyatt.brakus@boehmkeeling.com,1-670-576-1682
Rosetta,Spinka,female,1963-10-24,cristina@damorehuel.net,1-209-088-8631
Shemar,Dickens,female,1968-01-05,yvonne@hintzbosco.io,(469) 901-7318 x51954
Flo,Schmitt,female,1962-05-22,jacquelyn_wintheiser@wisoky.org,523-715-3083 x4602
Lambert,Prohaska,male,2007-07-18,bernadine@strackeconn.net,192.002.4810 x39639
Margie,Emmerich,female,1975-10-29,emilie.feil@collinschristiansen.net,825-449-5160 x966
Aniya,Bergstrom,female,1969-12-01,gracie_stamm@lind.info,692-964-7144
Ford,West,female,1958-02-19,tevin.kling@corkerystrosin.io,(234) 089-8347
Alexandra,Feeney,male,1986-03-23,christop.mclaughlin@murraymclaughlin.net,383.554.9319 x0615
Zelda,Pagac,male,1983-04-27,laurine.nienow@treutelharris.io,1-650-148-2322
Moriah,Lockman,male,1975-01-11,ulises.bashirian@rogahnking.info,(297) 235-5881
Lessie,Goldner,male,1993-12-08,ulises.koch@mraz.org,282.268.2061 x493
Lila,Gerlach,female,1997-06-05,obie.williamson@oconner.com,675-936-5176 x815
Vidal,Gulgowski,male,1965-11-02,santiago.aufderhar@abernathycarter.net,(694) 150-0970
Theodore,Robel,female,1999-08-02,jeffrey@denesik.co,(290) 752-2227
Aimee,Gerlach,female,1987-02-19,jana_sanford@luettgen.biz,247.938.5704 x89005
Dagmar,Champlin,male,2003-07-25,myah@cruickshank.net,908.200.3165 x6460
Hans,Feest,female,2006-08-26,burdette_jenkins@rath.net,(867) 894-6320 x0891
General,Collier,male,2005-10-22,sophia.parker@predovic.org,383-134-4586 x2068
Margarett,Wiegand,female,1962-01-07,guido@willms.org,480.929.4394
Wilfred,Stanton,male,2001-09-18,jasmin.rogahn@connelly.co,657.665.1479 x251
Osbaldo,Witting,male,1976-06-13,marley@howesimonis.name,799-788-1316 x596
Dena,Wunsch,female,2000-08-18,reyna@strosin.name,283.357.2691
Erich,Lowe,male,1987-11-21,kelsi_veum@morar.io,1-884-538-8878 x08441
Alicia,Leuschke,female,1972-09-12,christy.dooley@mcdermotthermiston.org,1-476-921-2942
Wendell,Abshire,male,1986-05-25,destini_batz@goyette.net,(755) 991-3931
Eliane,Huels,male,1974-09-22,louvenia_grimes@watsicaschaefer.biz,(156) 498-1136 x6739
Skyla,Okuneva,male,1985-03-03,adella@wolf.net,1-935-697-8430
Bernardo,Wuckert,female,1972-12-02,amari@hartmann.info,(571) 842-9925
Deja,Crist,female,1950-04-12,adriana@sporer.info,372.363.0775
Bradly,Bechtelar,male,1969-03-31,chanel@walker.biz,139-339-2778
Boris,D'Amore,female,1977-05-24,moshe_jacobs@pollich.info,1-958-331-6507 x79811
Darren,McCullough,male,1971-09-06,odell.leannon@rogahnfeil.com,957.768.0720 x1627
Conner,Mayert,male,1958-06-03,harrison.bayer@beahanjacobson.info,153-396-1436
Lucius,Lubowitz,female,1961-12-24,guido.von@cristgreenholt.org,1-671-039-4112 x08962
